{"ByMonth": {"2016.08": {"clothes": 67.56, "food": 393.22000000000014, "housing": 964.3, "other": 91.08999999999999, "total": 1581.47, "transportation": 65.3, "tuition": 0}, "2016.09": {"clothes": 0, "food": 310.07, "housing": 944.3, "other": 7.5, "total": 1266.87, "transportation": 5.0, "tuition": 0}, "2016.10": {"clothes": 0, "food": 246.64000000000001, "housing": 944.3, "other": 0, "total": 1190.94, "transportation": 0, "tuition": 0}, "2016.11": {"clothes": 0, "food": 269.58000000000004, "housing": 944.3, "other": 19.990000000000002, "total": 1233.87, "transportation": 0, "tuition": 0}, "2016.12": {"clothes": 54.49, "food": 234.39, "housing": 944.3, "other": 173.92000000000002, "total": 1424.3799999999999, "transportation": 17.28, "tuition": 0}, "2017.01": {"clothes": 0, "food": 338.26, "housing": 944.3, "other": 29.94, "total": 1319.71, "transportation": 7.21, "tuition": 0}, "2017.02": {"clothes": 0, "food": 191.42, "housing": 944.3, "other": 56.519999999999996, "total": 1192.24, "transportation": 0, "tuition": 0}, "2017.03": {"clothes": 0, "food": 300.05000000000007, "housing": 944.3, "other": 0, "total": 1258.5700000000002, "transportation": 14.219999999999999, "tuition": 0}, "2017.04": {"clothes": 0, "food": 326.86, "housing": 944.3, "other": 13.0, "total": 1284.1599999999999, "transportation": 0, "tuition": 0}, "2017.05": {"clothes": 0, "food": 249.38000000000002, "housing": 944.3, "other": 18.0, "total": 1211.6799999999998, "transportation": 0, "tuition": 0}, "2017.06": {"clothes": 0, "food": 268.84999999999997, "housing": 944.3, "other": 37.37, "total": 1250.52, "transportation": 0, "tuition": 0}, "2017.07": {"clothes": 0, "food": 313.35999999999996, "housing": 944.3, "other": 0, "total": 1282.79, "transportation": 25.13, "tuition": 0}, "2017.08": {"clothes": 0, "food": 265.32, "housing": 949.3, "other": 52.22, "total": 1266.84, "transportation": 0, "tuition": 0}, "2017.09": {"clothes": 0, "food": 310.01000000000005, "housing": 949.3, "other": 24.49, "total": 1290.08, "transportation": 6.28, "tuition": 0}, "2017.10": {"clothes": 0, "food": 250.01999999999998, "housing": 949.3, "other": 1.4, "total": 1200.72, "transportation": 0, "tuition": 0}, "2017.11": {"clothes": 0, "food": 372.53000000000003, "housing": 949.3, "other": 148.99, "total": 1470.82, "transportation": 0, "tuition": 0}, "2017.12": {"clothes": 0, "food": 360.53, "housing": 949.3, "other": 41.55, "total": 1357.9299999999998, "transportation": 6.55, "tuition": 0}, "2018.01": {"clothes": 0, "food": 414.81, "housing": 949.3, "other": 23.0, "total": 1387.11, "transportation": 0, "tuition": 0}, "special": {"clothes": 397.28, "food": 0, "housing": 246.0, "other": 1187.74, "total": 64647.02, "transportation": 0, "tuition": 62816.0}}, "ByType": {"clothes": 519.3299999999999, "food": 5415.299999999999, "housing": 17293.399999999994, "other": 1926.7200000000003, "transportation": 146.97, "tuition": 62816.0}}